{
  "project_info": {
    "project_number": "966938059677",
    "project_id": "zookotlin",
    "storage_bucket": "zookotlin.appspot.com"
  },
  "client": [
    {
      "client_info": {
        "mobilesdk_app_id": "1:966938059677:android:e3cf1a6bd78f054d07c574",
        "android_client_info": {
          "package_name": "com.example.zookotlin"
        }
      },
      "oauth_client": [
        {
          "client_id": "966938059677-paptf9egklkt181o77h8cia6knlvkre5.apps.googleusercontent.com",
          "client_type": 3
        }
      ],
      "api_key": [
        {
          "current_key": "AIzaSyC5i5mORiCpasp_mWZuiEqQhgjRgNssZcc"
        }
      ],
      "services": {
        "appinvite_service": {
          "other_platform_oauth_client": [
            {
              "client_id": "966938059677-paptf9egklkt181o77h8cia6knlvkre5.apps.googleusercontent.com",
              "client_type": 3
            }
          ]
        }
      }
    }
  ],
  "configuration_version": "1"
}